{
	"id":"mymod", # internal id
	"name":"MyMod", # displayed to the player
	"version":"0.1",
	"description":"Adds a description-rich star system for those who really enjoy the lore aspect of Starsector. Created by Derek Cai for Y10 Coding Project 3.",
	"gameVersion":"0.95a",
	"modPlugin":"data.scripts.MyModPlugin"
}

//		PlanetAPI stygia = system.addPlanet("stygia", cittagazze, "Stygia", "terran-eccentric", 200, 150, 2000, 425);
//MarketAPI stygia_market = Global.getFactory().createMarket("stygia_market", stygia.getName(), 0);
//stygia_market.setPlanetConditionMarketOnly(true); //This "market" only represents planet conditions.
//stygia_market.addCondition(Conditions.HABITABLE);
//stygia_market.addCondition(Conditions.ORE_ULTRARICH);
//stygia_market.addCondition(Conditions.RARE_ORE_ULTRARICH);
//stygia_market.addCondition(Conditions.ORGANICS_COMMON);
//stygia_market.addCondition(Conditions.FARMLAND_BOUNTIFUL);
//stygia_market.addCondition(Conditions.RUINS_VAST);
//stygia_market.addCondition(Conditions.VERY_COLD);
//stygia_market.setPrimaryEntity(stygia); //Tell the "market" that it's on our planet.
//stygia.setMarket(stygia_market); //Likewise, tell our planet that it has a "market".